{
  "info": {
    "name": "PLOT Sandbox",
    "schema": "https://schema.getpostman.com/json/collection/v2.1.0/collection.json"
  },
  "item": [
    {
      "name": "Launch Run",
      "request": {
        "method": "POST",
        "header": [
          {
            "key": "Authorization",
            "value": "Bearer {{TOKEN}}"
          }
        ],
        "url": {
          "raw": "{{PLOT_API}}/api/launch/run",
          "host": [
            "{{PLOT_API}}"
          ],
          "path": [
            "api",
            "launch",
            "run"
          ]
        },
        "body": {
          "mode": "raw",
          "raw": "{\n  \"runtime\": \"container\",\n  \"artifact\": \"registry.example/webapi:1.2.3\",\n  \"env\": {\n    \"LOG_LEVEL\": \"info\"\n  },\n  \"resources\": {\n    \"cpu\": \"500m\",\n    \"memory\": \"512Mi\"\n  },\n  \"exposure\": {\n    \"ingress\": true,\n    \"auth\": \"oidc\"\n  },\n  \"tenant\": \"ten-acme\",\n  \"project\": \"prj-42\"\n}"
        }
      }
    }
  ],
  "variable": [
    {
      "key": "PLOT_API",
      "value": "http://localhost:8080"
    },
    {
      "key": "TOKEN",
      "value": "dev-token"
    }
  ]
}